{
  "key": "timer-dashboard",
  "name": "🔥 Timer Dashboard Widget",
  "description": "Monitore todos os timers ativos dos desenvolvedores em tempo real",
  "author": "Braip Development Team",
  "iconUrl": "icon.svg",
  "widget": {
    "defaultTitle": "Timers Ativos - Braip",
    "sizeable": true,
    "minWidth": 400,
    "minHeight": 300,
    "maxWidth": 800,
    "maxHeight": 600,
    "defaultWidth": 500,
    "defaultHeight": 400
  },
  "permissions": [
    {
      "permission": "read-issue",
      "description": "Ler issues para monitorar timers ativos"
    },
    {
      "permission": "read-project",
      "description": "Ler projetos para identificar issues"
    }
  ]
}